residencia_hace_un_anio,sexo,edad,pais_nacimiento,anio,poblacion
Mismo municipio,Hombres,De 16 a 64 años,España,2025,555990.0
Mismo municipio,Hombres,De 16 a 64 años,España,2024,560245.0
Mismo municipio,Hombres,De 16 a 64 años,España,2023,566052.0
Mismo municipio,Hombres,De 16 a 64 años,España,2022,571574.0
Mismo municipio,Hombres,De 16 a 64 años,España,2021,579038.0
Mismo municipio,Hombres,De 16 a 64 años,Extranjero,2025,105869.0
Mismo municipio,Hombres,De 16 a 64 años,Extranjero,2024,97255.0
Mismo municipio,Hombres,De 16 a 64 años,Extranjero,2023,90048.0
Mismo municipio,Hombres,De 16 a 64 años,Extranjero,2022,85760.0
Mismo municipio,Hombres,De 16 a 64 años,Extranjero,2021,86798.0
Mismo municipio,Mujeres,De 16 a 64 años,España,2025,540827.0
Mismo municipio,Mujeres,De 16 a 64 años,España,2024,546115.0
Mismo municipio,Mujeres,De 16 a 64 años,España,2023,552922.0
Mismo municipio,Mujeres,De 16 a 64 años,España,2022,559682.0
Mismo municipio,Mujeres,De 16 a 64 años,España,2021,567251.0
Mismo municipio,Mujeres,De 16 a 64 años,Extranjero,2025,118171.0
Mismo municipio,Mujeres,De 16 a 64 años,Extranjero,2024,109612.0
Mismo municipio,Mujeres,De 16 a 64 años,Extranjero,2023,100751.0
Mismo municipio,Mujeres,De 16 a 64 años,Extranjero,2022,96814.0
Mismo municipio,Mujeres,De 16 a 64 años,Extranjero,2021,97367.0
Distinto municipio de la misma provincia,Hombres,De 16 a 64 años,España,2025,9514.0
Distinto municipio de la misma provincia,Hombres,De 16 a 64 años,España,2024,10516.0
Distinto municipio de la misma provincia,Hombres,De 16 a 64 años,España,2023,10019.0
Distinto municipio de la misma provincia,Hombres,De 16 a 64 años,España,2022,10646.0
Distinto municipio de la misma provincia,Hombres,De 16 a 64 años,España,2021,10256.0
Distinto municipio de la misma provincia,Hombres,De 16 a 64 años,Extranjero,2025,7394.0
Distinto municipio de la misma provincia,Hombres,De 16 a 64 años,Extranjero,2024,7004.0
Distinto municipio de la misma provincia,Hombres,De 16 a 64 años,Extranjero,2023,6242.0
Distinto municipio de la misma provincia,Hombres,De 16 a 64 años,Extranjero,2022,6320.0
Distinto municipio de la misma provincia,Hombres,De 16 a 64 años,Extranjero,2021,6337.0
Distinto municipio de la misma provincia,Mujeres,De 16 a 64 años,España,2025,8953.0
Distinto municipio de la misma provincia,Mujeres,De 16 a 64 años,España,2024,9781.0
Distinto municipio de la misma provincia,Mujeres,De 16 a 64 años,España,2023,9213.0
Distinto municipio de la misma provincia,Mujeres,De 16 a 64 años,España,2022,9570.0
Distinto municipio de la misma provincia,Mujeres,De 16 a 64 años,España,2021,9180.0
Distinto municipio de la misma provincia,Mujeres,De 16 a 64 años,Extranjero,2025,6990.0
Distinto municipio de la misma provincia,Mujeres,De 16 a 64 años,Extranjero,2024,6793.0
Distinto municipio de la misma provincia,Mujeres,De 16 a 64 años,Extranjero,2023,6198.0
Distinto municipio de la misma provincia,Mujeres,De 16 a 64 años,Extranjero,2022,6478.0
Distinto municipio de la misma provincia,Mujeres,De 16 a 64 años,Extranjero,2021,5999.0
Distinta provincia de la misma comunidad,Hombres,De 16 a 64 años,España,2025,1304.0
Distinta provincia de la misma comunidad,Hombres,De 16 a 64 años,España,2024,1301.0
Distinta provincia de la misma comunidad,Hombres,De 16 a 64 años,España,2023,1414.0
Distinta provincia de la misma comunidad,Hombres,De 16 a 64 años,España,2022,1330.0
Distinta provincia de la misma comunidad,Hombres,De 16 a 64 años,España,2021,1379.0
Distinta provincia de la misma comunidad,Hombres,De 16 a 64 años,Extranjero,2025,884.0
Distinta provincia de la misma comunidad,Hombres,De 16 a 64 años,Extranjero,2024,856.0
Distinta provincia de la misma comunidad,Hombres,De 16 a 64 años,Extranjero,2023,896.0
Distinta provincia de la misma comunidad,Hombres,De 16 a 64 años,Extranjero,2022,892.0
Distinta provincia de la misma comunidad,Hombres,De 16 a 64 años,Extranjero,2021,853.0
Distinta provincia de la misma comunidad,Mujeres,De 16 a 64 años,España,2025,1367.0
Distinta provincia de la misma comunidad,Mujeres,De 16 a 64 años,España,2024,1266.0
Distinta provincia de la misma comunidad,Mujeres,De 16 a 64 años,España,2023,1316.0
Distinta provincia de la misma comunidad,Mujeres,De 16 a 64 años,España,2022,1245.0
Distinta provincia de la misma comunidad,Mujeres,De 16 a 64 años,España,2021,1243.0
Distinta provincia de la misma comunidad,Mujeres,De 16 a 64 años,Extranjero,2025,791.0
Distinta provincia de la misma comunidad,Mujeres,De 16 a 64 años,Extranjero,2024,765.0
Distinta provincia de la misma comunidad,Mujeres,De 16 a 64 años,Extranjero,2023,720.0
Distinta provincia de la misma comunidad,Mujeres,De 16 a 64 años,Extranjero,2022,801.0
Distinta provincia de la misma comunidad,Mujeres,De 16 a 64 años,Extranjero,2021,796.0
Distinta comunidad,Hombres,De 16 a 64 años,España,2025,3975.0
Distinta comunidad,Hombres,De 16 a 64 años,España,2024,3978.0
Distinta comunidad,Hombres,De 16 a 64 años,España,2023,3845.0
Distinta comunidad,Hombres,De 16 a 64 años,España,2022,4009.0
Distinta comunidad,Hombres,De 16 a 64 años,España,2021,3826.0
Distinta comunidad,Hombres,De 16 a 64 años,Extranjero,2025,3027.0
Distinta comunidad,Hombres,De 16 a 64 años,Extranjero,2024,2781.0
Distinta comunidad,Hombres,De 16 a 64 años,Extranjero,2023,2532.0
Distinta comunidad,Hombres,De 16 a 64 años,Extranjero,2022,2610.0
Distinta comunidad,Hombres,De 16 a 64 años,Extranjero,2021,3059.0
Distinta comunidad,Mujeres,De 16 a 64 años,España,2025,3911.0
Distinta comunidad,Mujeres,De 16 a 64 años,España,2024,3784.0
Distinta comunidad,Mujeres,De 16 a 64 años,España,2023,3719.0
Distinta comunidad,Mujeres,De 16 a 64 años,España,2022,3736.0
Distinta comunidad,Mujeres,De 16 a 64 años,España,2021,3377.0
Distinta comunidad,Mujeres,De 16 a 64 años,Extranjero,2025,2790.0
Distinta comunidad,Mujeres,De 16 a 64 años,Extranjero,2024,2521.0
Distinta comunidad,Mujeres,De 16 a 64 años,Extranjero,2023,2224.0
Distinta comunidad,Mujeres,De 16 a 64 años,Extranjero,2022,2311.0
Distinta comunidad,Mujeres,De 16 a 64 años,Extranjero,2021,2457.0
Residía en el extranjero,Hombres,De 16 a 64 años,España,2025,1136.0
Residía en el extranjero,Hombres,De 16 a 64 años,España,2024,1251.0
Residía en el extranjero,Hombres,De 16 a 64 años,España,2023,1121.0
Residía en el extranjero,Hombres,De 16 a 64 años,España,2022,1216.0
Residía en el extranjero,Hombres,De 16 a 64 años,España,2021,472.0
Residía en el extranjero,Hombres,De 16 a 64 años,Extranjero,2025,17457.0
Residía en el extranjero,Hombres,De 16 a 64 años,Extranjero,2024,15517.0
Residía en el extranjero,Hombres,De 16 a 64 años,Extranjero,2023,14764.0
Residía en el extranjero,Hombres,De 16 a 64 años,Extranjero,2022,9714.0
Residía en el extranjero,Hombres,De 16 a 64 años,Extranjero,2021,5807.0
Residía en el extranjero,Mujeres,De 16 a 64 años,España,2025,733.0
Residía en el extranjero,Mujeres,De 16 a 64 años,España,2024,787.0
Residía en el extranjero,Mujeres,De 16 a 64 años,España,2023,697.0
Residía en el extranjero,Mujeres,De 16 a 64 años,España,2022,759.0
Residía en el extranjero,Mujeres,De 16 a 64 años,España,2021,409.0
Residía en el extranjero,Mujeres,De 16 a 64 años,Extranjero,2025,14094.0
Residía en el extranjero,Mujeres,De 16 a 64 años,Extranjero,2024,13811.0
Residía en el extranjero,Mujeres,De 16 a 64 años,Extranjero,2023,14975.0
Residía en el extranjero,Mujeres,De 16 a 64 años,Extranjero,2022,8054.0
Residía en el extranjero,Mujeres,De 16 a 64 años,Extranjero,2021,5503.0
No había nacido,Hombres,De 16 a 64 años,España,2025,
No había nacido,Hombres,De 16 a 64 años,España,2024,
No había nacido,Hombres,De 16 a 64 años,España,2023,
No había nacido,Hombres,De 16 a 64 años,España,2022,
No había nacido,Hombres,De 16 a 64 años,España,2021,
No había nacido,Hombres,De 16 a 64 años,Extranjero,2025,
No había nacido,Hombres,De 16 a 64 años,Extranjero,2024,
No había nacido,Hombres,De 16 a 64 años,Extranjero,2023,
No había nacido,Hombres,De 16 a 64 años,Extranjero,2022,
No había nacido,Hombres,De 16 a 64 años,Extranjero,2021,
No había nacido,Mujeres,De 16 a 64 años,España,2025,
No había nacido,Mujeres,De 16 a 64 años,España,2024,
No había nacido,Mujeres,De 16 a 64 años,España,2023,
No había nacido,Mujeres,De 16 a 64 años,España,2022,
No había nacido,Mujeres,De 16 a 64 años,España,2021,
No había nacido,Mujeres,De 16 a 64 años,Extranjero,2025,
No había nacido,Mujeres,De 16 a 64 años,Extranjero,2024,
No había nacido,Mujeres,De 16 a 64 años,Extranjero,2023,
No había nacido,Mujeres,De 16 a 64 años,Extranjero,2022,
No había nacido,Mujeres,De 16 a 64 años,Extranjero,2021,
